{
  "accuracy": 0.8947368421052632,
  "precision": 1.0,
  "recall": 0.7647058823529411,
  "f1_score": 0.8666666666666666,
  "confusion_matrix": [
    [
      21,
      0
    ],
    [
      4,
      13
    ]
  ],
  "threshold": 0.8361335396766663,
  "training_date": "2025-10-24T23:58:17.123729"
}